variable,df Fires,sum_sq,mean_sq,F,PR(>F)
STAT_CAUSE_DESCR,12,18963517248.450085,1580293104.037507,253.74202044409455,0
Residual,1880452,11711364648522.09,6227951.92247507,,
