variable,df_fires,sum_sq,mean_sq,F,PR(>F)
STATE,51,88248189131.24458,1730356649.6322467,279.4848639704773,0
Residual,1880413,11642079976640.98,6191235.636342112,,
